{"schemaVersion":"1.0","appDefinitionTemplate":{"id":"/providers/Microsoft.PowerApps/apps/","type":"Microsoft.PowerApps/apps","tags":{"primaryDeviceWidth":"1366","primaryDeviceHeight":"768","sienaVersion":"20210823T093119Z-3.21081.49.0","deviceCapabilities":"","supportsPortrait":"true","supportsLandscape":"true","primaryFormFactor":"Tablet","publisherVersion":"3.21081.49","minimumRequiredApiVersion":"2.2.0","hasComponent":"false","hasUnlockedComponent":"false","isUnifiedRootApp":"false"},"properties":{"appVersion":"2021-08-23T09:31:19Z","lifeCycleId":"Published","createdByClientVersion":{"major":3,"minor":21081,"build":49,"revision":0,"majorRevision":0,"minorRevision":0},"minClientVersion":{"major":3,"minor":21081,"build":49,"revision":0,"majorRevision":0,"minorRevision":0},"backgroundColor":"rgba(0, 176, 240, 1)","backgroundImageUri":"/13493261914267962335/Ne66a1b16-ad29-47d1-a354-d5175cfba25e-logoSmallFile","displayName":"Generate Signature","description":"","commitMessage":"","appUris":{"documentUri":{"value":"/13493261914267962335/N72e3c817-4ac6-4e85-9d90-a994519968fe-document.msapp"},"imageUris":[]},"createdTime":"0001-01-01T00:00:00Z","lastModifiedTime":"0001-01-01T00:00:00Z","sharedGroupsCount":0,"sharedUsersCount":0,"icons":{"smallIconUri":"/13493261914267962335/Nbe1e56b7-15ed-4c28-ba75-805a488ec6ae-small.png","mediumIconUri":"/13493261914267962335/N926c416b-5b23-4c73-bff5-4ddee2edd5ec-medium.png","largeIconUri":"/13493261914267962335/N5e5538df-b542-4ea0-9c2a-b573a96d5e83-large.png","wideIconUri":"/13493261914267962335/Nb9c0e80d-4d02-4f5f-bc4d-1aa75b957a9f-wide.png"},"connectionReferences":{"4ef18ba4-b28d-4fb8-9562-cfcde04f7269":{"id":"759f40de-c8af-4c34-9dab-5263662c31fe","displayName":"Office 365 Outlook","iconUri":"https://connectoricons-prod.azureedge.net/office365_trigger_qfe/1.0.1507.2524/office365/icon.png","dataSources":["Office365Outlook"],"dependencies":[],"dependents":[],"parameterHints":{},"parameterHintsV2":{},"isOnPremiseConnection":false,"bypassConsent":false,"dataSets":{},"apiTier":"Standard","isCustomApiConnection":false,"actions":["SendEmailV2"]}},"databaseReferences":{},"almMode":"Environment","performanceOptimizationEnabled":true,"canConsumeAppPass":true,"executionRestrictions":{"isTeamsOnly":false,"dataLossPreventionEvaluationResult":{"status":"Compliant","lastEvaluationDate":"2021-08-19T12:33:28.2877117Z","violations":[],"violationsByPolicy":[],"violationErrorMessage":"The app uses the following connectors: ."}}},"appType":"ClassicCanvasApp","appComponents":[]}}