{"schemaVersion":"1.0","appDefinitionTemplate":{"id":"/providers/Microsoft.PowerApps/apps/","type":"Microsoft.PowerApps/apps","tags":{"primaryDeviceWidth":"1366","primaryDeviceHeight":"768","sienaVersion":"20210823T062757Z-3.21081.49.0","deviceCapabilities":"","supportsPortrait":"true","supportsLandscape":"true","primaryFormFactor":"Tablet","publisherVersion":"3.21081.49","minimumRequiredApiVersion":"2.2.0","hasComponent":"false","hasUnlockedComponent":"false","isUnifiedRootApp":"false"},"properties":{"appVersion":"2021-08-23T06:27:57Z","lifeCycleId":"Published","createdByClientVersion":{"major":3,"minor":21081,"build":49,"revision":0,"majorRevision":0,"minorRevision":0},"minClientVersion":{"major":3,"minor":21081,"build":49,"revision":0,"majorRevision":0,"minorRevision":0},"backgroundColor":"rgba(0, 176, 240, 1)","backgroundImageUri":"/13493261914267962335/N9820f0b3-eb87-4b60-84a5-a41775e74dc8-logoSmallFile","displayName":"Generate Signature","description":"","commitMessage":"","appUris":{"documentUri":{"value":"/13493261914267962335/N3b450346-63cc-4a08-afd2-02615a5239dc-document.msapp"},"imageUris":[]},"createdTime":"0001-01-01T00:00:00Z","lastModifiedTime":"0001-01-01T00:00:00Z","sharedGroupsCount":0,"sharedUsersCount":0,"icons":{"smallIconUri":"/13493261914267962335/Nd6a2c3cf-1f5c-420e-84e7-4d4bfbd42177-small.png","mediumIconUri":"/13493261914267962335/N614c339f-0f89-4ab5-89c3-a3407fc54614-medium.png","largeIconUri":"/13493261914267962335/N5cdd6916-9827-4dc6-b689-e677686d78ce-large.png","wideIconUri":"/13493261914267962335/Nc0bf2171-243a-424e-b063-7bd239d4315b-wide.png"},"connectionReferences":{"4ef18ba4-b28d-4fb8-9562-cfcde04f7269":{"id":"759f40de-c8af-4c34-9dab-5263662c31fe","displayName":"Office 365 Outlook","iconUri":"https://connectoricons-prod.azureedge.net/office365_trigger_qfe/1.0.1507.2524/office365/icon.png","dataSources":["Office365Outlook"],"dependencies":[],"dependents":[],"parameterHints":{},"parameterHintsV2":{},"isOnPremiseConnection":false,"bypassConsent":false,"dataSets":{},"apiTier":"Standard","isCustomApiConnection":false,"actions":["SendEmailV2"]}},"databaseReferences":{},"almMode":"Environment","performanceOptimizationEnabled":true,"canConsumeAppPass":true,"executionRestrictions":{"isTeamsOnly":false,"dataLossPreventionEvaluationResult":{"status":"Compliant","lastEvaluationDate":"2021-08-19T12:33:28.2877117Z","violations":[],"violationsByPolicy":[],"violationErrorMessage":"The app uses the following connectors: ."}}},"appType":"ClassicCanvasApp","appComponents":[]}}